{"cameraMode":{"drawMode":0,"name":"Shaded","section":"Shading Mode"},"sceneLighting":false,"audioPlay":false,"sceneViewState":{"showFog":true,"showMaterialUpdate":false,"showSkybox":false,"showFlares":true,"showImageEffects":true,"showParticleSystems":true},"in2DMode":false,"pivot":{"x":4.76837158203125e-7,"y":0.8236377239227295,"z":-0.035606712102890018},"rotation":{"x":-0.1610429584980011,"y":-0.8049555420875549,"z":0.25324705243110659,"w":-0.5118647813796997},"size":1.1618140935897828,"orthographic":false}