{"cameraMode":{"drawMode":0,"name":"Shaded","section":"Shading Mode"},"sceneLighting":true,"audioPlay":false,"sceneViewState":{"showFog":true,"showMaterialUpdate":false,"showSkybox":true,"showFlares":true,"showImageEffects":true,"showParticleSystems":true},"in2DMode":false,"pivot":{"x":1.9878568649291993,"y":-0.04207801818847656,"z":-5.601033687591553},"rotation":{"x":-0.1610429584980011,"y":-0.8049555420875549,"z":0.25324705243110659,"w":-0.5118647813796997},"size":10.908843994140625,"orthographic":false}