{"cameraMode":{"drawMode":0,"name":"Shaded","section":"Shading Mode"},"sceneLighting":false,"audioPlay":false,"sceneViewState":{"showFog":true,"showMaterialUpdate":false,"showSkybox":false,"showFlares":true,"showImageEffects":true,"showParticleSystems":true},"in2DMode":false,"pivot":{"x":0.32225143909454348,"y":0.8944476842880249,"z":0.5358629822731018},"rotation":{"x":-0.1610429584980011,"y":-0.8049555420875549,"z":0.25324705243110659,"w":-0.5118647813796997},"size":1.1618140935897828,"orthographic":false}