{"cameraMode":{"drawMode":0,"name":"Shaded","section":"Shading Mode"},"sceneLighting":true,"audioPlay":false,"sceneViewState":{"showFog":true,"showMaterialUpdate":false,"showSkybox":true,"showFlares":true,"showImageEffects":true,"showParticleSystems":true},"in2DMode":false,"pivot":{"x":33.76240158081055,"y":-23.238269805908204,"z":-151.4844512939453},"rotation":{"x":0.013426067307591439,"y":0.9857731461524963,"z":-0.095228411257267,"w":0.13871072232723237},"size":83.05370330810547,"orthographic":false}