{"cameraMode":{"drawMode":0,"name":"Shaded","section":"Shading Mode"},"sceneLighting":true,"audioPlay":false,"sceneViewState":{"showFog":true,"showMaterialUpdate":false,"showSkybox":true,"showFlares":true,"showImageEffects":true,"showParticleSystems":true},"in2DMode":false,"pivot":{"x":4.548460483551025,"y":-11.735305786132813,"z":-57.087276458740237},"rotation":{"x":0.19142045080661775,"y":0.6782889366149902,"z":-0.18989597260951997,"w":0.6836119890213013},"size":73.39999389648438,"orthographic":false}